{
  "api/index.html": {
    "href": "api/index.html",
    "title": "| Storyboard | 0.7.4-preview",
    "keywords": "This is the documentation for the Scripting APIs of this package."
  },
  "changelog/CHANGELOG.html": {
    "href": "changelog/CHANGELOG.html",
    "title": "Changelog | Storyboard | 0.7.4-preview",
    "keywords": "Changelog All notable changes to this package will be documented in this file. The format is based on Keep a Changelog and this project adheres to Semantic Versioning . [0.7.4-preview] - 2022-09-29 Updated: deps: use com.unity.film-internal-utilities@0.16.0-preview. deps: use com.unity.streaming-image-sequence@0.16.0-preview. docs: added Image documentation. SIS shows previous frame loaded image when the target frame is not loaded. [0.7.3-preview] - 2022-09-13 Fixed: SIS integration was not working well. [0.7.2-preview] - 2022-07-04 Fixed: Tentative fix for hunging up. Sometimes HandleUtility.PickGameObject() returns object which is in ignore GameObject lists. [0.7.1-preview] - 2022-06-22 Fixed: Null reference exception when main camera is disabled. [0.7.0-preview] - 2022-05-26 Added: Dependency to com.unity.streaming-image-sequence. Documentation. Fixed: Renamed UI button \"Cut No.\" to \"Cut Number.\" Removed Apply checkbox under Show Clip Time and replaced Show Clip Time foldout to checkbox. [0.6.1-preview] - 2022-03-24 Fixed: Clip name under the timeline indicater chanages when other clip name is edited the inspector. [0.6.0-preview] - 2022-03-15 Updated: Text Mesh Pro object can be selected by pressing button in UITextTMPClip inspector window. [0.5.2-preview] - 2022-03-01 Fixed: Editor dirty flags were not set when mending Time Code parameters. [0.5.1-preview] - 2022-02-21 Fixed: Null reference errors when the target track is empty. [0.5.0-preview] - 2022-02-18 Added: Option: Use custom name to cut number clips. [0.4.0-preview] - 2022-02-17 Added: Option: Time Code starts from 1. [0.3.0-preview] - 2022-02-08 Added: CLIP relative time mode to TimeCode. [0.2.0-preview] - 2022-02-03 Added: Capability to handle multiple target timelines. Fixed: Storyboard changes child-parent structure of Objects in Hierarchy window when using existing playable directors. [0.1.0-preview] - 2022-01-28 1st internal release."
  },
  "index.html": {
    "href": "index.html",
    "title": "Home Page. | Storyboard | 0.7.4-preview",
    "keywords": "Home Page. This is the home page for this package."
  },
  "license/index.html": {
    "href": "license/index.html",
    "title": "| Storyboard | 0.7.4-preview",
    "keywords": "window.location.replace('LICENSE.html')"
  },
  "license/LICENSE.html": {
    "href": "license/LICENSE.html",
    "title": "| Storyboard | 0.7.4-preview",
    "keywords": "Storyboard copyright © 2021 Unity Technologies ApS Licensed under the Unity Companion License for Unity-dependent projects--see Unity Companion License . Unless expressly provided otherwise, the Software under this license is made available strictly on an “AS IS” BASIS WITHOUT WARRANTY OF ANY KIND, EXPRESS OR IMPLIED. Please review the license for details on these and other terms and conditions."
  },
  "manual/customization.html": {
    "href": "manual/customization.html",
    "title": "Customizing Storyboard | Storyboard | 0.7.4-preview",
    "keywords": "Customizing Storyboard All the elements in Storyboard , such as Timecode , Cut Number and Text can be customized and saved as Prefab . Styles, Format, and Default position should be typical options to be customized. What's necessary to use the Prefabs is just register them in Project Setting ."
  },
  "manual/cutNumber.html": {
    "href": "manual/cutNumber.html",
    "title": "Cut Number | Storyboard | 0.7.4-preview",
    "keywords": "Cut Number Cut Number indicate the number of cut in the Timeline. Similar to other elements in Storyboard. Arranging Cut Number to the Storyboard . The result of creating Cut Number . Options for Cut Number Prefix Prefix of Cut Number Cut Number Cut number itself. This parameter is given automatically when clip is added to the Timeline . Background Color Background color is given by the Color of Image Component attached to the parent GameObject ."
  },
  "manual/features.html": {
    "href": "manual/features.html",
    "title": "| Storyboard | 0.7.4-preview",
    "keywords": "The followings are the features the Storyboard provides. Timecode Cut Number Text Image"
  },
  "manual/index.html": {
    "href": "manual/index.html",
    "title": "Storyboard Overview | Storyboard | 0.7.4-preview",
    "keywords": "Storyboard Overview The Storyboard is dedicated to create video storyboards. All the elements for storyboarding, such as Timecode , Cut Number , Text and Image are arranged on the screen. The Storyboard is integrated with the Timeline . The next version,0.8.x, will support images."
  },
  "manual/installation.html": {
    "href": "manual/installation.html",
    "title": "How to install | Storyboard | 0.7.4-preview",
    "keywords": "How to install The Storyboard is still in early development phase and it's provided as an Experimental / Preview package. Unlike Unity Official packages, The Storyboard requires manual installation. Open Package Manager Window. Press + button on it. Select Add package from disk... in the menu. Select a file package.json under com.unity.storyboard folder."
  },
  "manual/KnownIssue.html": {
    "href": "manual/KnownIssue.html",
    "title": "Known Issues | Storyboard | 0.7.4-preview",
    "keywords": "Known Issues The Storyboard is in early stage of development. It's provided as Experimental / Preview package yet, there are some limitations and issues. Please, don't to delete GameObject in Hierarchy. Instead of operation in Hierarchy, select Storyboard elements, such as Timecode , Cut Number Text and Image , by clicking on the SceneView . Please, do not add Storyboard elements using Context menus or + button in Timeline window. Use Storyboard overlay menus instead."
  },
  "manual/sis.html": {
    "href": "manual/sis.html",
    "title": "Image | Storyboard | 0.7.4-preview",
    "keywords": "Image Arranging Image to the Storyboard . By dragging image folders under SteamingAssets, you can arrange images into the SceneView and Timeline."
  },
  "manual/System-Requirements.html": {
    "href": "manual/System-Requirements.html",
    "title": "Requirements | Storyboard | 0.7.4-preview",
    "keywords": "Requirements The Storyboard works with Unity 2021.2 or later."
  },
  "manual/TableOfContents.html": {
    "href": "manual/TableOfContents.html",
    "title": "| Storyboard | 0.7.4-preview",
    "keywords": "Storyboard Requirements Installation How to use Storyboard Features Timecode Cut Number Text Image Customizing Storyboard Know Issues"
  },
  "manual/text.html": {
    "href": "manual/text.html",
    "title": "Text | Storyboard | 0.7.4-preview",
    "keywords": "Text Text provides text, such as dialogue, information, into the Timeline with variety of effects TextMeshPro provides. Arranging Text to the Storyboard . The result of creating Text . How to edit Text Select Clip on the Timeline. Click Text on the SceneView. Edit Text and options in the Inspector."
  },
  "manual/timecode.html": {
    "href": "manual/timecode.html",
    "title": "Timecode | Storyboard | 0.7.4-preview",
    "keywords": "Timecode Timecode indicates an elapsed time in the Timeline and its clips in various formats. Because Timecode utilizes Unity Prefab, its design and default position can be customized, saved and registered to Storyboard preference. Please refer to the Customizing Storyboard . Arranging Timecode to the Storyboard . The result of creating Sample Time Code . Options for Timecode Text and its style The text to be shown on the screen that's editable in TextMeshPro component inspector. The component is attached in Text GameObject. When the Text is clicked in the SceneView , The GameObject is automatically selected and Inspector is updated automatically. Display Frames Display frames or not after the format above. Frame starts from 1 Frame starts from 1 or 0. Timeline Which Timeline 's elapsed time to use. Display Clip Time Display elapsed time on Timeline or each clip . Track Track includes the clips . An Example: when Show Clip Time is enabled. The target clip is Chara 1. Background Color Background color is given by the Color of Image Component attached to the same parent GameObject ."
  },
  "manual/usage.html": {
    "href": "manual/usage.html",
    "title": "How to use Storyboard | Storyboard | 0.7.4-preview",
    "keywords": "How to use Storyboard Enabling Storyboard SceneView Operation in Storyboard Enabling Storyboard The Storyboard is integrated with SceneView . Operation is done from the SceneView Overlays menu. Strobyoard Overlay menu is shown at the bottom left on the SceneView . Selecting \"Storyboard\" will enable Storyboard and optimizes the SceneView operations for the Storyboard . When the Storyboard is enabled, the view in the SceneView is synced with the GameView . In Hierarchy window, a GameObject named \"Storyboard\" is created when the Storyboard is enabled. The GameObject has some elements which are indispensable for the Storyboard . The elements include Timeline , Canvas and so on. Thus, please don't delete \"Storyboard\" GameObject . To return to normal SceneView operation mode, press \"Storyboard\" in the Storyboard Overlay menu again. SceneView Operation in Storyboard While using the Storyboard , the mouse button and wheel functions in the SceneView will be different from usual. Mouse Button Function Middle Button Moves the viewpoint, but doesn't affect the perspective of the camera when moving it. It just scrolls in 2D. Wheel Zooms in and out, but also doesn't affect the perspective of the camera; it just magnifies and shrinks in 2D. Right button Shows the context menu."
  }
}