{"m_version":0,"m_uiStates":{"m_keys":[34698,34688,18628,35154,35202,33906,33904,33838,33908,34812,35246,35308,18748,18810,33844,33924,33926,33938,33858,33948,33882,33684,33704,33786,35258,35248,35168,35254,35306,35310,35302,35182,35326,35316,35264,35394,35388,35384,35542,35432,35356,35454,35374,35488,35546,35550,35554,35382,35410,35544,35532,35538,19914,35746,19998,20096,37770,54548,54740,53852,54314,35782,35778,35734,35838,35834,37990,38188,35816,35612,35804,35810],"m_values":[{"m_graphViewTransforms":{"m_keys":[0],"m_values":[{"pos":{"x":124.0,"y":149.0,"z":0.0},"scale":{"x":0.6575162410736084,"y":0.6575162410736084,"z":1.0}}]}},{"m_graphViewTransforms":{"m_keys":[0],"m_values":[{"pos":{"x":30.0,"y":70.0,"z":0.0},"scale":{"x":0.8206967115402222,"y":0.8206967115402222,"z":1.0}}]}},{"m_graphViewTransforms":{"m_keys":[0],"m_values":[{"pos":{"x":329.0,"y":474.0,"z":0.0},"scale":{"x":0.28426238894462588,"y":0.28426238894462588,"z":1.0}}]}},{"m_graphViewTransforms":{"m_keys":[0],"m_values":[{"pos":{"x":549.0,"y":461.0,"z":0.0},"scale":{"x":0.32690176367759707,"y":0.32690176367759707,"z":1.0}}]}},{"m_graphViewTransforms":{"m_keys":[0],"m_values":[{"pos":{"x":325.0,"y":386.0,"z":0.0},"scale":{"x":0.3425765335559845,"y":0.3425765335559845,"z":1.0}}]}},{"m_graphViewTransforms":{"m_keys":[0],"m_values":[{"pos":{"x":387.0,"y":648.0,"z":0.0},"scale":{"x":0.4323275685310364,"y":0.4323275685310364,"z":1.0}}]}},{"m_graphViewTransforms":{"m_keys":[0],"m_values":[{"pos":{"x":644.0,"y":447.0,"z":0.0},"scale":{"x":0.25,"y":0.25,"z":1.0}}]}},{"m_graphViewTransforms":{"m_keys":[0],"m_values":[{"pos":{"x":556.0,"y":387.0,"z":0.0},"scale":{"x":0.25,"y":0.25,"z":1.0}}]}},{"m_graphViewTransforms":{"m_keys":[0],"m_values":[{"pos":{"x":528.0,"y":372.0,"z":0.0},"scale":{"x":0.25,"y":0.25,"z":1.0}}]}},{"m_graphViewTransforms":{"m_keys":[0],"m_values":[{"pos":{"x":288.0,"y":451.0,"z":0.0},"scale":{"x":0.25,"y":0.25,"z":1.0}}]}},{"m_graphViewTransforms":{"m_keys":[0],"m_values":[{"pos":{"x":280.0,"y":445.0,"z":0.0},"scale":{"x":0.25,"y":0.25,"z":1.0}}]}},{"m_graphViewTransforms":{"m_keys":[0],"m_values":[{"pos":{"x":276.0,"y":400.0,"z":0.0},"scale":{"x":0.25,"y":0.25,"z":1.0}}]}},{"m_graphViewTransforms":{"m_keys":[0],"m_values":[{"pos":{"x":486.0,"y":74.0,"z":0.0},"scale":{"x":0.7561436891555786,"y":0.7561436891555786,"z":1.0}}]}},{"m_graphViewTransforms":{"m_keys":[0],"m_values":[{"pos":{"x":280.0,"y":445.0,"z":0.0},"scale":{"x":0.25,"y":0.25,"z":1.0}}]}},{"m_graphViewTransforms":{"m_keys":[0],"m_values":[{"pos":{"x":631.0,"y":320.0,"z":0.0},"scale":{"x":0.49717673659324648,"y":0.49717673659324648,"z":1.0}}]}},{"m_graphViewTransforms":{"m_keys":[0],"m_values":[{"pos":{"x":363.0,"y":558.0,"z":0.0},"scale":{"x":0.4323275685310364,"y":0.4323275685310364,"z":1.0}}]}},{"m_graphViewTransforms":{"m_keys":[0],"m_values":[{"pos":{"x":583.0,"y":288.0,"z":0.0},"scale":{"x":0.5717532634735107,"y":0.5717532634735107,"z":1.0}}]}},{"m_graphViewTransforms":{"m_keys":[0],"m_values":[{"pos":{"x":280.0,"y":416.0,"z":0.0},"scale":{"x":0.25,"y":0.25,"z":1.0}}]}},{"m_graphViewTransforms":{"m_keys":[0],"m_values":[{"pos":{"x":276.0,"y":372.0,"z":0.0},"scale":{"x":0.25,"y":0.25,"z":1.0}}]}},{"m_graphViewTransforms":{"m_keys":[0],"m_values":[{"pos":{"x":276.0,"y":372.0,"z":0.0},"scale":{"x":0.25,"y":0.25,"z":1.0}}]}},{"m_graphViewTransforms":{"m_keys":[0],"m_values":[{"pos":{"x":904.0,"y":1285.0,"z":0.0},"scale":{"x":1.0,"y":1.0,"z":1.0}}]}},{"m_graphViewTransforms":{"m_keys":[0],"m_values":[{"pos":{"x":357.0,"y":766.0,"z":0.0},"scale":{"x":0.28426238894462588,"y":0.28426238894462588,"z":1.0}}]}},{"m_graphViewTransforms":{"m_keys":[0],"m_values":[{"pos":{"x":561.0,"y":473.0,"z":0.0},"scale":{"x":0.25,"y":0.25,"z":1.0}}]}},{"m_graphViewTransforms":{"m_keys":[0],"m_values":[{"pos":{"x":338.0,"y":409.0,"z":0.0},"scale":{"x":0.25,"y":0.25,"z":1.0}}]}},{"m_graphViewTransforms":{"m_keys":[0],"m_values":[{"pos":{"x":960.0,"y":575.0,"z":0.0},"scale":{"x":0.3747884929180145,"y":0.3747884929180145,"z":1.0}}]}},{"m_graphViewTransforms":{"m_keys":[0],"m_values":[{"pos":{"x":828.0,"y":660.0,"z":0.0},"scale":{"x":0.4323275685310364,"y":0.4323275685310364,"z":1.0}}]}},{"m_graphViewTransforms":{"m_keys":[0],"m_values":[{"pos":{"x":619.0,"y":618.0,"z":0.0},"scale":{"x":0.5269105434417725,"y":0.5269105434417725,"z":1.0}}]}},{"m_graphViewTransforms":{"m_keys":[0],"m_values":[{"pos":{"x":610.0,"y":768.0,"z":0.0},"scale":{"x":0.506592333316803,"y":0.506592333316803,"z":1.0}}]}},{"m_graphViewTransforms":{"m_keys":[0],"m_values":[{"pos":{"x":527.0,"y":596.0,"z":0.0},"scale":{"x":0.25,"y":0.25,"z":1.0}}]}},{"m_graphViewTransforms":{"m_keys":[0],"m_values":[{"pos":{"x":960.0,"y":575.0,"z":0.0},"scale":{"x":0.3747884929180145,"y":0.3747884929180145,"z":1.0}}]}},{"m_graphViewTransforms":{"m_keys":[0],"m_values":[{"pos":{"x":617.0,"y":394.0,"z":0.0},"scale":{"x":0.5181535482406616,"y":0.5181535482406616,"z":1.0}}]}},{"m_graphViewTransforms":{"m_keys":[0],"m_values":[{"pos":{"x":900.0,"y":541.0,"z":0.0},"scale":{"x":0.4015409052371979,"y":0.4015409052371979,"z":1.0}}]}},{"m_graphViewTransforms":{"m_keys":[0],"m_values":[{"pos":{"x":1494.0,"y":199.0,"z":0.0},"scale":{"x":0.8695651888847351,"y":0.8695651888847351,"z":1.0}}]}},{"m_graphViewTransforms":{"m_keys":[0],"m_values":[{"pos":{"x":351.0,"y":320.0,"z":0.0},"scale":{"x":0.25,"y":0.25,"z":1.0}}]}},{"m_graphViewTransforms":{"m_keys":[0],"m_values":[{"pos":{"x":619.0,"y":402.0,"z":0.0},"scale":{"x":0.8695651888847351,"y":0.8695651888847351,"z":1.0}}]}},{"m_graphViewTransforms":{"m_keys":[0],"m_values":[{"pos":{"x":390.0,"y":343.0,"z":0.0},"scale":{"x":0.25,"y":0.25,"z":1.0}}]}},{"m_graphViewTransforms":{"m_keys":[0],"m_values":[{"pos":{"x":216.0,"y":247.0,"z":0.0},"scale":{"x":0.25,"y":0.25,"z":1.0}}]}},{"m_graphViewTransforms":{"m_keys":[0],"m_values":[{"pos":{"x":351.0,"y":320.0,"z":0.0},"scale":{"x":0.25,"y":0.25,"z":1.0}}]}},{"m_graphViewTransforms":{"m_keys":[0],"m_values":[{"pos":{"x":219.0,"y":355.0,"z":0.0},"scale":{"x":0.25,"y":0.25,"z":1.0}}]}},{"m_graphViewTransforms":{"m_keys":[0],"m_values":[{"pos":{"x":1350.0,"y":142.0,"z":0.0},"scale":{"x":1.0,"y":1.0,"z":1.0}}]}},{"m_graphViewTransforms":{"m_keys":[0],"m_values":[{"pos":{"x":116.0,"y":313.0,"z":0.0},"scale":{"x":0.25,"y":0.25,"z":1.0}}]}},{"m_graphViewTransforms":{"m_keys":[0],"m_values":[{"pos":{"x":460.0,"y":357.0,"z":0.0},"scale":{"x":0.25,"y":0.25,"z":1.0}}]}},{"m_graphViewTransforms":{"m_keys":[0],"m_values":[{"pos":{"x":336.0,"y":267.0,"z":0.0},"scale":{"x":0.28426238894462588,"y":0.28426238894462588,"z":1.0}}]}},{"m_graphViewTransforms":{"m_keys":[0],"m_values":[{"pos":{"x":2192.0,"y":918.0,"z":0.0},"scale":{"x":1.0,"y":1.0,"z":1.0}}]}},{"m_graphViewTransforms":{"m_keys":[0],"m_values":[{"pos":{"x":1688.0,"y":1210.0,"z":0.0},"scale":{"x":0.8695651888847351,"y":0.8695651888847351,"z":1.0}}]}},{"m_graphViewTransforms":{"m_keys":[0],"m_values":[{"pos":{"x":333.0,"y":240.0,"z":0.0},"scale":{"x":0.25,"y":0.25,"z":1.0}}]}},{"m_graphViewTransforms":{"m_keys":[0],"m_values":[{"pos":{"x":-961.0,"y":555.0,"z":0.0},"scale":{"x":0.8695651888847351,"y":0.8695651888847351,"z":1.0}}]}},{"m_graphViewTransforms":{"m_keys":[0],"m_values":[{"pos":{"x":460.0,"y":307.0,"z":0.0},"scale":{"x":0.25,"y":0.25,"z":1.0}}]}},{"m_graphViewTransforms":{"m_keys":[0],"m_values":[{"pos":{"x":1117.0,"y":507.0,"z":0.0},"scale":{"x":0.7561436891555786,"y":0.7561436891555786,"z":1.0}}]}},{"m_graphViewTransforms":{"m_keys":[0],"m_values":[{"pos":{"x":458.0,"y":628.0,"z":0.0},"scale":{"x":0.7561436891555786,"y":0.7561436891555786,"z":1.0}}]}},{"m_graphViewTransforms":{"m_keys":[0],"m_values":[{"pos":{"x":805.0,"y":772.0,"z":0.0},"scale":{"x":0.6575162410736084,"y":0.6575162410736084,"z":1.0}}]}},{"m_graphViewTransforms":{"m_keys":[0],"m_values":[{"pos":{"x":1017.0,"y":784.0,"z":0.0},"scale":{"x":0.37593701481819155,"y":0.37593701481819155,"z":1.0}}]}},{"m_graphViewTransforms":{"m_keys":[0],"m_values":[{"pos":{"x":1464.0,"y":376.0,"z":0.0},"scale":{"x":0.49717673659324648,"y":0.49717673659324648,"z":1.0}}]}},{"m_graphViewTransforms":{"m_keys":[0],"m_values":[{"pos":{"x":1080.0,"y":1227.0,"z":0.0},"scale":{"x":0.8695651888847351,"y":0.8695651888847351,"z":1.0}}]}},{"m_graphViewTransforms":{"m_keys":[0],"m_values":[{"pos":{"x":1921.0,"y":1600.0,"z":0.0},"scale":{"x":0.8695651888847351,"y":0.8695651888847351,"z":1.0}}]}},{"m_graphViewTransforms":{"m_keys":[0],"m_values":[{"pos":{"x":1069.0,"y":756.0,"z":0.0},"scale":{"x":0.32690176367759707,"y":0.32690176367759707,"z":1.0}}]}},{"m_graphViewTransforms":{"m_keys":[0],"m_values":[{"pos":{"x":1583.0,"y":243.0,"z":0.0},"scale":{"x":0.7561436891555786,"y":0.7561436891555786,"z":1.0}}]}},{"m_graphViewTransforms":{"m_keys":[0],"m_values":[{"pos":{"x":616.0,"y":1016.0,"z":0.0},"scale":{"x":1.0,"y":1.0,"z":1.0}}]}},{"m_graphViewTransforms":{"m_keys":[0],"m_values":[{"pos":{"x":1101.0,"y":543.0,"z":0.0},"scale":{"x":0.4323275685310364,"y":0.4323275685310364,"z":1.0}}]}},{"m_graphViewTransforms":{"m_keys":[0],"m_values":[{"pos":{"x":176.0,"y":597.0,"z":0.0},"scale":{"x":0.8695651888847351,"y":0.8695651888847351,"z":1.0}}]}},{"m_graphViewTransforms":{"m_keys":[0],"m_values":[{"pos":{"x":634.0,"y":925.0,"z":0.0},"scale":{"x":0.8695651888847351,"y":0.8695651888847351,"z":1.0}}]}},{"m_graphViewTransforms":{"m_keys":[0],"m_values":[{"pos":{"x":952.0,"y":548.0,"z":0.0},"scale":{"x":1.0,"y":1.0,"z":1.0}}]}},{"m_graphViewTransforms":{"m_keys":[0],"m_values":[{"pos":{"x":239.0,"y":673.0,"z":0.0},"scale":{"x":0.8695651888847351,"y":0.8695651888847351,"z":1.0}}]}},{"m_graphViewTransforms":{"m_keys":[0],"m_values":[{"pos":{"x":968.0,"y":628.0,"z":0.0},"scale":{"x":0.7561436891555786,"y":0.7561436891555786,"z":1.0}}]}},{"m_graphViewTransforms":{"m_keys":[0],"m_values":[{"pos":{"x":972.0,"y":625.0,"z":0.0},"scale":{"x":0.8695651888847351,"y":0.8695651888847351,"z":1.0}}]}},{"m_graphViewTransforms":{"m_keys":[0],"m_values":[{"pos":{"x":1124.0,"y":438.0,"z":0.0},"scale":{"x":0.3019253611564636,"y":0.3019253611564636,"z":1.0}}]}},{"m_graphViewTransforms":{"m_keys":[0],"m_values":[{"pos":{"x":2374.0,"y":213.0,"z":0.0},"scale":{"x":0.8695651888847351,"y":0.8695651888847351,"z":1.0}}]}},{"m_graphViewTransforms":{"m_keys":[0],"m_values":[{"pos":{"x":538.0,"y":434.0,"z":0.0},"scale":{"x":0.25,"y":0.25,"z":1.0}}]}},{"m_graphViewTransforms":{"m_keys":[0],"m_values":[{"pos":{"x":-648.0,"y":439.0,"z":0.0},"scale":{"x":0.8695651888847351,"y":0.8695651888847351,"z":1.0}}]}},{"m_graphViewTransforms":{"m_keys":[0],"m_values":[{"pos":{"x":671.0,"y":360.0,"z":0.0},"scale":{"x":0.25,"y":0.25,"z":1.0}}]}},{"m_graphViewTransforms":{"m_keys":[0],"m_values":[{"pos":{"x":-527.0,"y":489.0,"z":0.0},"scale":{"x":0.8695651888847351,"y":0.8695651888847351,"z":1.0}}]}},{"m_graphViewTransforms":{"m_keys":[0],"m_values":[{"pos":{"x":295.0,"y":467.0,"z":0.0},"scale":{"x":0.5717532634735107,"y":0.5717532634735107,"z":1.0}}]}}]}}