{"m_version":0,"m_uiStates":{"m_keys":[34698,34688,18628,35154,35202,33906,33904,33838,33908,34812,35246,35308,18748,18810,33844,33924,33926,33938,33858,33948,33882,33684,33704,33786,35258,35248,35168,35254,35306,35310,35302,35182,20082,20264,20178,19934],"m_values":[{"m_graphViewTransforms":{"m_keys":[0],"m_values":[{"pos":{"x":124.0,"y":149.0,"z":0.0},"scale":{"x":0.6575162410736084,"y":0.6575162410736084,"z":1.0}}]}},{"m_graphViewTransforms":{"m_keys":[0],"m_values":[{"pos":{"x":30.0,"y":70.0,"z":0.0},"scale":{"x":0.8206967115402222,"y":0.8206967115402222,"z":1.0}}]}},{"m_graphViewTransforms":{"m_keys":[0],"m_values":[{"pos":{"x":329.0,"y":474.0,"z":0.0},"scale":{"x":0.28426238894462588,"y":0.28426238894462588,"z":1.0}}]}},{"m_graphViewTransforms":{"m_keys":[0],"m_values":[{"pos":{"x":549.0,"y":461.0,"z":0.0},"scale":{"x":0.32690176367759707,"y":0.32690176367759707,"z":1.0}}]}},{"m_graphViewTransforms":{"m_keys":[0],"m_values":[{"pos":{"x":325.0,"y":386.0,"z":0.0},"scale":{"x":0.3425765335559845,"y":0.3425765335559845,"z":1.0}}]}},{"m_graphViewTransforms":{"m_keys":[0],"m_values":[{"pos":{"x":387.0,"y":648.0,"z":0.0},"scale":{"x":0.4323275685310364,"y":0.4323275685310364,"z":1.0}}]}},{"m_graphViewTransforms":{"m_keys":[0],"m_values":[{"pos":{"x":644.0,"y":447.0,"z":0.0},"scale":{"x":0.25,"y":0.25,"z":1.0}}]}},{"m_graphViewTransforms":{"m_keys":[0],"m_values":[{"pos":{"x":556.0,"y":387.0,"z":0.0},"scale":{"x":0.25,"y":0.25,"z":1.0}}]}},{"m_graphViewTransforms":{"m_keys":[0],"m_values":[{"pos":{"x":528.0,"y":372.0,"z":0.0},"scale":{"x":0.25,"y":0.25,"z":1.0}}]}},{"m_graphViewTransforms":{"m_keys":[0],"m_values":[{"pos":{"x":288.0,"y":451.0,"z":0.0},"scale":{"x":0.25,"y":0.25,"z":1.0}}]}},{"m_graphViewTransforms":{"m_keys":[0],"m_values":[{"pos":{"x":280.0,"y":445.0,"z":0.0},"scale":{"x":0.25,"y":0.25,"z":1.0}}]}},{"m_graphViewTransforms":{"m_keys":[0],"m_values":[{"pos":{"x":276.0,"y":400.0,"z":0.0},"scale":{"x":0.25,"y":0.25,"z":1.0}}]}},{"m_graphViewTransforms":{"m_keys":[0],"m_values":[{"pos":{"x":486.0,"y":74.0,"z":0.0},"scale":{"x":0.7561436891555786,"y":0.7561436891555786,"z":1.0}}]}},{"m_graphViewTransforms":{"m_keys":[0],"m_values":[{"pos":{"x":280.0,"y":445.0,"z":0.0},"scale":{"x":0.25,"y":0.25,"z":1.0}}]}},{"m_graphViewTransforms":{"m_keys":[0],"m_values":[{"pos":{"x":631.0,"y":320.0,"z":0.0},"scale":{"x":0.49717673659324648,"y":0.49717673659324648,"z":1.0}}]}},{"m_graphViewTransforms":{"m_keys":[0],"m_values":[{"pos":{"x":363.0,"y":558.0,"z":0.0},"scale":{"x":0.4323275685310364,"y":0.4323275685310364,"z":1.0}}]}},{"m_graphViewTransforms":{"m_keys":[0],"m_values":[{"pos":{"x":583.0,"y":288.0,"z":0.0},"scale":{"x":0.5717532634735107,"y":0.5717532634735107,"z":1.0}}]}},{"m_graphViewTransforms":{"m_keys":[0],"m_values":[{"pos":{"x":280.0,"y":416.0,"z":0.0},"scale":{"x":0.25,"y":0.25,"z":1.0}}]}},{"m_graphViewTransforms":{"m_keys":[0],"m_values":[{"pos":{"x":276.0,"y":372.0,"z":0.0},"scale":{"x":0.25,"y":0.25,"z":1.0}}]}},{"m_graphViewTransforms":{"m_keys":[0],"m_values":[{"pos":{"x":276.0,"y":372.0,"z":0.0},"scale":{"x":0.25,"y":0.25,"z":1.0}}]}},{"m_graphViewTransforms":{"m_keys":[0],"m_values":[{"pos":{"x":904.0,"y":1285.0,"z":0.0},"scale":{"x":1.0,"y":1.0,"z":1.0}}]}},{"m_graphViewTransforms":{"m_keys":[0],"m_values":[{"pos":{"x":357.0,"y":766.0,"z":0.0},"scale":{"x":0.28426238894462588,"y":0.28426238894462588,"z":1.0}}]}},{"m_graphViewTransforms":{"m_keys":[0],"m_values":[{"pos":{"x":561.0,"y":473.0,"z":0.0},"scale":{"x":0.25,"y":0.25,"z":1.0}}]}},{"m_graphViewTransforms":{"m_keys":[0],"m_values":[{"pos":{"x":338.0,"y":409.0,"z":0.0},"scale":{"x":0.25,"y":0.25,"z":1.0}}]}},{"m_graphViewTransforms":{"m_keys":[0],"m_values":[{"pos":{"x":960.0,"y":575.0,"z":0.0},"scale":{"x":0.3747884929180145,"y":0.3747884929180145,"z":1.0}}]}},{"m_graphViewTransforms":{"m_keys":[0],"m_values":[{"pos":{"x":828.0,"y":660.0,"z":0.0},"scale":{"x":0.4323275685310364,"y":0.4323275685310364,"z":1.0}}]}},{"m_graphViewTransforms":{"m_keys":[0],"m_values":[{"pos":{"x":619.0,"y":618.0,"z":0.0},"scale":{"x":0.5269105434417725,"y":0.5269105434417725,"z":1.0}}]}},{"m_graphViewTransforms":{"m_keys":[0],"m_values":[{"pos":{"x":610.0,"y":768.0,"z":0.0},"scale":{"x":0.506592333316803,"y":0.506592333316803,"z":1.0}}]}},{"m_graphViewTransforms":{"m_keys":[0],"m_values":[{"pos":{"x":527.0,"y":596.0,"z":0.0},"scale":{"x":0.25,"y":0.25,"z":1.0}}]}},{"m_graphViewTransforms":{"m_keys":[0],"m_values":[{"pos":{"x":960.0,"y":575.0,"z":0.0},"scale":{"x":0.3747884929180145,"y":0.3747884929180145,"z":1.0}}]}},{"m_graphViewTransforms":{"m_keys":[0],"m_values":[{"pos":{"x":617.0,"y":394.0,"z":0.0},"scale":{"x":0.5181535482406616,"y":0.5181535482406616,"z":1.0}}]}},{"m_graphViewTransforms":{"m_keys":[0],"m_values":[{"pos":{"x":900.0,"y":541.0,"z":0.0},"scale":{"x":0.4015409052371979,"y":0.4015409052371979,"z":1.0}}]}},{"m_graphViewTransforms":{"m_keys":[0],"m_values":[{"pos":{"x":275.0,"y":416.0,"z":0.0},"scale":{"x":0.25,"y":0.25,"z":1.0}}]}},{"m_graphViewTransforms":{"m_keys":[0],"m_values":[{"pos":{"x":231.0,"y":355.0,"z":0.0},"scale":{"x":0.25,"y":0.25,"z":1.0}}]}},{"m_graphViewTransforms":{"m_keys":[0],"m_values":[{"pos":{"x":362.0,"y":320.0,"z":0.0},"scale":{"x":0.25,"y":0.25,"z":1.0}}]}},{"m_graphViewTransforms":{"m_keys":[0],"m_values":[{"pos":{"x":401.0,"y":343.0,"z":0.0},"scale":{"x":0.25,"y":0.25,"z":1.0}}]}}]}}