{"m_version":0,"m_uiStates":{"m_keys":[34698,34688,18628,35154,35202,33906,33904,33838,33908,34812,35246,35308,18748,18810,33844,33924,33926,33938,33858,33948,33702,33782],"m_values":[{"m_graphViewTransforms":{"m_keys":[0],"m_values":[{"pos":{"x":124.0,"y":149.0,"z":0.0},"scale":{"x":0.6575162410736084,"y":0.6575162410736084,"z":1.0}}]}},{"m_graphViewTransforms":{"m_keys":[0],"m_values":[{"pos":{"x":30.0,"y":70.0,"z":0.0},"scale":{"x":0.8206967115402222,"y":0.8206967115402222,"z":1.0}}]}},{"m_graphViewTransforms":{"m_keys":[0],"m_values":[{"pos":{"x":329.0,"y":474.0,"z":0.0},"scale":{"x":0.28426238894462588,"y":0.28426238894462588,"z":1.0}}]}},{"m_graphViewTransforms":{"m_keys":[0],"m_values":[{"pos":{"x":549.0,"y":461.0,"z":0.0},"scale":{"x":0.32690176367759707,"y":0.32690176367759707,"z":1.0}}]}},{"m_graphViewTransforms":{"m_keys":[0],"m_values":[{"pos":{"x":325.0,"y":386.0,"z":0.0},"scale":{"x":0.3425765335559845,"y":0.3425765335559845,"z":1.0}}]}},{"m_graphViewTransforms":{"m_keys":[0],"m_values":[{"pos":{"x":387.0,"y":648.0,"z":0.0},"scale":{"x":0.4323275685310364,"y":0.4323275685310364,"z":1.0}}]}},{"m_graphViewTransforms":{"m_keys":[0],"m_values":[{"pos":{"x":644.0,"y":447.0,"z":0.0},"scale":{"x":0.25,"y":0.25,"z":1.0}}]}},{"m_graphViewTransforms":{"m_keys":[0],"m_values":[{"pos":{"x":556.0,"y":387.0,"z":0.0},"scale":{"x":0.25,"y":0.25,"z":1.0}}]}},{"m_graphViewTransforms":{"m_keys":[0],"m_values":[{"pos":{"x":528.0,"y":372.0,"z":0.0},"scale":{"x":0.25,"y":0.25,"z":1.0}}]}},{"m_graphViewTransforms":{"m_keys":[0],"m_values":[{"pos":{"x":288.0,"y":451.0,"z":0.0},"scale":{"x":0.25,"y":0.25,"z":1.0}}]}},{"m_graphViewTransforms":{"m_keys":[0],"m_values":[{"pos":{"x":280.0,"y":445.0,"z":0.0},"scale":{"x":0.25,"y":0.25,"z":1.0}}]}},{"m_graphViewTransforms":{"m_keys":[0],"m_values":[{"pos":{"x":276.0,"y":400.0,"z":0.0},"scale":{"x":0.25,"y":0.25,"z":1.0}}]}},{"m_graphViewTransforms":{"m_keys":[0],"m_values":[{"pos":{"x":486.0,"y":74.0,"z":0.0},"scale":{"x":0.7561436891555786,"y":0.7561436891555786,"z":1.0}}]}},{"m_graphViewTransforms":{"m_keys":[0],"m_values":[{"pos":{"x":280.0,"y":445.0,"z":0.0},"scale":{"x":0.25,"y":0.25,"z":1.0}}]}},{"m_graphViewTransforms":{"m_keys":[0],"m_values":[{"pos":{"x":631.0,"y":320.0,"z":0.0},"scale":{"x":0.49717673659324648,"y":0.49717673659324648,"z":1.0}}]}},{"m_graphViewTransforms":{"m_keys":[0],"m_values":[{"pos":{"x":363.0,"y":558.0,"z":0.0},"scale":{"x":0.4323275685310364,"y":0.4323275685310364,"z":1.0}}]}},{"m_graphViewTransforms":{"m_keys":[0],"m_values":[{"pos":{"x":583.0,"y":288.0,"z":0.0},"scale":{"x":0.5717532634735107,"y":0.5717532634735107,"z":1.0}}]}},{"m_graphViewTransforms":{"m_keys":[0],"m_values":[{"pos":{"x":280.0,"y":416.0,"z":0.0},"scale":{"x":0.25,"y":0.25,"z":1.0}}]}},{"m_graphViewTransforms":{"m_keys":[0],"m_values":[{"pos":{"x":276.0,"y":372.0,"z":0.0},"scale":{"x":0.25,"y":0.25,"z":1.0}}]}},{"m_graphViewTransforms":{"m_keys":[0],"m_values":[{"pos":{"x":276.0,"y":372.0,"z":0.0},"scale":{"x":0.25,"y":0.25,"z":1.0}}]}},{"m_graphViewTransforms":{"m_keys":[0],"m_values":[{"pos":{"x":280.0,"y":416.0,"z":0.0},"scale":{"x":0.25,"y":0.25,"z":1.0}}]}},{"m_graphViewTransforms":{"m_keys":[0],"m_values":[{"pos":{"x":276.0,"y":372.0,"z":0.0},"scale":{"x":0.25,"y":0.25,"z":1.0}}]}}]}}